Artist,Music,Album,Year,Genre,2022,2021,2020,2019,2018,2017,2016,2015
The Black Crowes,Remedy,The Southern Harmony and Musical Companion,1992,Southern Rock,500,,324,290,132,64,36,
Asia,Only Time Will Tell,Asia,1982,Progressive Rock,499,,,,,,,
Collective Soul,Shine,Hints Allegations and Things Left Unsaid,1993,Alternative Rock,498,,,419,485,403,,
Billy Idol,Sweet Sixteen,Whiplash Smile,1986,Rock,497,,,,,,,
Collective Soul,December,Collective Soul,1995,Alternative Rock,496,,,,431,443,,
Duran Duran,Save a prayer,Rio,1982,Synthpop,495,466,,381,292,,488,
Men at Work,Down Under,Business as Usual,1981,New Wave,494,,190,172,108,451,406,167
Brian Setzer,Summertime Blues,La Bamba soundtrack,1987,Rock and Roll,493,,,,,,,
Simple Minds,Dont You Forget About Me,The Breakfast Club Original Motion Picture Soundtrack,1985,Pop Rock,492,,,293,288,437,,
Blue Oyster Cult,Joan Crawford,Fire of Unknown Origin,1981,Hard Rock,491,,174,209,,311,403,
Alice in Chains,No Excuses,Jar of Flies,1994,Alternative Rock,490,361,486,,450,465,,
Thin Lizzy,Wild One,Fighting,1975,Rock,489,,,,,,,
Echo and the Bunnymen,Bedbugs and Ballyhoo,Echo and the Bunnymen,1987,Alternative Rock,488,,,,,,,
Steely Dan,Do it Again,Cant Buy a Thrill,1972,Soft Rock,487,,,,,,,
Bad Religion,A Walk,The Gray Race,1996,Punk Rock,486,,,,,,,
Concrete Blonde,Heal It Up,Mexican Moon,1993,Alternative Rock,485,,,,,,,
The Smiths,Ask,Single,1986,Jangle Pop,484,406,123,335,340,197,261,
The Kinks,You Really Got Me,Kinks,1964,Rock and Roll,483,299,437,292,,312,225,412
The B-52s,Legal Tender,Whammy,1983,Synthpop,482,355,,,,,,
The Bolshoi,Sunday Morning,Friends,1986,Post-Punk,481,478,,318,409,,464,
Alabama Shakes,Always Right,Single,2013,Indie Rock,480,,,,,,,
Bachman-Turner Overdrive,Hold Back the Water,Bachman-Turner Overdrive,1973,Hard Rock,479,,208,205,246,330,,199
Peter Gabriel,Solsbury Hill,Car,1977,Pop Rock,478,,,,,,,
The Clash,I Fought the Law,The Cost of Living,1979,Rockabilly,477,403,356,,,,,
Stray Cats,Gene and Eddie,Single,1989,Rockabilly,476,,,,,,,
Alanis Morissette,Guardian,Havoc and Bright Lights,2012,Alternative Rock,475,457,,,,,,
Echo and the Bunnymen,Lips Like Sugar,Echo and the Bunnymen,1987,Alternative Rock,474,385,327,,410,358,478,152
Crash Test Dummies,Mmmm Mmmm Mmmm Mmmm,God Shuffled His Feet,1993,Alternative Rock,473,,,,,,,
The Killers,Runaways,Battle Born,2012,Pop Rock,472,,,,,,,
Eurythmics,Sweet Dreams Are Made of This,Sweet Dreams Are Made of This,1983,Synthpop,471,464,,263,,,,
Volbeat,Heaven nor Hell,Beyond Hell Above Heaven,2010,Rock,470,,,,,,,
Jefferson Airplane,Somebody to Love,Surrealistic Pillow,1967,Art Rock,469,,,,,,,
The Clash,Police and Thieves,The Clash,1977,Punk Rock,468,,,,,,,
The Wonders,That Thing You Do,That Thing You Do: Original Motion Picture Soundtrack,1996,Pop Rock,467,494,,,,,,
Kansas,Dust In The Wind,Point of Know Return,1977,Soft Rock,466,,196,174,181,262,265,243
Arctic Monkeys,Fake Tales of San Francisco,Whatever People Say I Am Thats What Im Not,2006,Indie Rock,465,,,,,,,
Joe Cocker,With a Little Help From My Friends, With a Little Help From My Friends,1969,Blues Rock,464,200,,369,153,258,,
Foo Fighters,Everlong,The Colour and the Shape,1997,Alternative Rock,463,224,202,83,176,444,493,
Eric Clapton,Bad Love,Journeyman,1989,Blues Rock,462,251,321,,122,,463,
Bon Jovi,Always,Cross Road,1994,Pop Rock,461,,,311,478,,437,
Deep Purple,Burn,Burn,1974,Hard Rock,460,44,,33,85,89,,175
Bliss,I Hear You Call,Loveprayer,1989,Synthpop,459,252,,,,,,
The Struts,Primadonna Like Me,The Struts,2018,Glam Rock,458,,,,,,,
Led Zeppelin,Over the Hills and Far Away,Houses of the Holy,1973,Folk Rock,457,,,,,,,
UFO,Doctor Doctor,Phenomenon,1974,Hard Rock,456,462,,79,,,,
The Alan Parsons Project,Eye In The Sky,Eye in the Sky,1982,Pop Rock,455,470,,,,,,
Motley Crue,Home Sweet Home,Theatre of Pain,1985,Glam Metal,454,469,,343,,,,
Linkin Park,Numb,Meteora,2003,Alternative Rock,453,465,377,239,367,462,,
Rainbow,Man on the Silver Mountain,Ritchie Blackmores Rainbow,1975,Hard Rock,452,,,,263,226,354,230
Pearl Jam,Last Kiss,No Boundaries: A Benefit for the Kosovar Refugees,1999,Alternative Rock,451,227,210,,,,,
Blue Oyster Cult,Dont Fear the Reaper,Agents of Fortune,1976,Hard Rock,450,,,,278,,,
The Darkness,I Believe in a Thing Called Love,Permission to Land,2003,Glam Rock,449,,,,,,,
Franz Ferdinand,Walk Away,You Could Have It So Much Better,2005,Indie Rock,448,436,,,,,,
KISS,Deuce,Kiss,1974,Hard Rock,447,,175,361,232,157,283,381
Limp Bizkit,Take a Look Around,Mission: Impossible 2 soundtrack,2000,Rap Rock,446,,428,413,387,,,
Suzi Quatro,48 Crash,Suzi Quatro,1973,Rock,445,396,,,,,,
Metallica,Mama Said,Load,1996,Country Rock,444,273,,120,,,,
4 Non Blondes,Whats Up?,Bigger,1992,Pop Rock,443,500,460,,230,,477,
Peter Frampton,Do You Feel Like We Do,Frampton Comes Alive,1976,Pop Rock,442,333,,,,,,
Van Halen,Runnin with the Devil,Van Halen,1978,Hard Rock,441,409,57,82,148,192,399,340
David Bowie,Absolute Beginners,Absolute Beginners soundtrack,1986,Progressive Rock,440,,,184,,319,,
blink-182,Darkside,Nine,2019,Pop Punk,439,488,,,,,,
Ramones,Surfin Bird,Rocket to Russia,1977,Surf Rock,438,307,470,,,,,
Green Day,Boulevard of Broken Dreams,American Idiot,2004,Alternative Rock,437,,,,,,,
The White Stripes,Seven Nation Army,Elephant,2003,Alternative Rock,436,,,269,384,,,
Van Halen,When its love,OU812,1988,Hard Rock,435,,107,70,318,291,410,
Bad Religion,American Jesus,Recipe for Hate,1993,Punk Rock,434,282,337,201,298,71,197,151
The Clash,Spanish Bombs,London Calling,1979,Pop Rock,433,,,,,,,
The Cult,Big Neon Glitter,Love,1985,Alternative Rock,432,321,,,,,,
Lynyrd Skynyrd,Simple Man,Pronounced,1973,Southern Rock,431,33,21,13,49,17,58,24
Kansas,Carry On Wayward Son,Leftoverture,1976,Progressive Rock,430,59,,90,78,55,213,369
The Beatles,Something,Abbey Road,1969,Rock,429,,,117,,,,
Talking Heads,Love For Sale,True Stories,1986,Pop Rock,428,,,,,,,
Steve Miller Band,Jet Airliner,Book of Dreams,1977,Blues Rock,427,,,,,,,
Alice in Chains,Voices,The Devil Put Dinosaurs Here,2013,Alternative Rock,426,,,,,,,
Coldplay,Viva la Vida,Viva la Vida or Death and All His Friends,2008,Baroque Pop,425,,,,,,,
Tears for Fears,Everybody Wants to Rule the World,Songs from the Big Chair,1985,New Wave,424,474,,313,380,,445,
Ghost,If You Have Ghosts,If You Have Ghost,2013,Doom Metal,423,319,235,163,,,,
Audioslave,Original Fire,Revelations,2006,Hard Rock,422,,,,,,,
Foo Fighters,Breakout,There Is Nothing Left to Lose,1999,Alternative Rock,421,,,,,,,
Franz Ferdinand,Take Me Out,Franz Ferdinand,2004,Indie Rock,420,,,494,395,,218,
Social Distortion,Zombie,Somewhere Between Heaven and Hell,1992,Alternative Rock,419,63,,94,,,,
Foo Fighters,Learn to Fly,There Is Nothing Left to Lose,1999,Alternative Rock,418,,234,484,269,119,407,
Ghost,Square Hammer,Popestar,2016,Heavy Metal,417,447,382,191,,,,
Oasis,Dont Look Back in Anger,Whats the Story Morning Glory?,1995,Britpop,416,,358,,143,187,,201
U2,Bad,The Unforgettable Fire,1984,Alternative Rock,415,,,183,61,,,
The Jimi Hendrix Experience,Fire,Are You Experienced,1967,Psychedelic Rock,414,291,492,,,,,
The Verve,Bitter Sweet Symphony,Urban Hymns,1997,Britpop,413,435,322,180,416,378,391,500
Soundgarden,The Day I Tried do Live,Superunknown,1994,Alternative Rock,412,,,,,,,
Blue Oyster Cult,Godzilla,Spectres,1977,Hard Rock,411,493,,488,405,,457,
Tommy Tutone,867-5309 Jenny,Tommy Tutone 2,1981,Power Pop,410,336,,,420,376,422,291
Van Halen,Aint Talkin Bout Love,Van Halen I,1978,Hard Rock,409,,22,285,80,185,142,
The Clash,Lost in the Supermarket,London Calling,1979,Post-Punk,408,,290,,,,,
Peter Gabriel,Sledgehammer,So,1986,Dance Rock,407,124,469,154,,,,
Stone Temple Pilots,Plush,Core,1992,Grunge,406,370,359,63,104,180,305,
Rush,Nobodys Hero,Counterparts,1993,Progressive Rock,405,325,274,266,,296,,375
Twisted Sister,I Wanna Rock,Stay Hungry,1984,Hard Rock,404,254,346,281,360,221,443,338
Survivor,Eye of the Tiger,Eye of the Tiger,1982,Hard Rock,403,158,389,,,,,
Peter Schilling,Major Tom Coming Home,Error in the System,1983,New Wave,402,,,,361,,498,
Green Day,Jesus of Suburbia,American Idiot,2004,Punk Rock,401,412,,,,,,
Aerosmith,The Other Side,Pump,1989,Glam Metal,400,,,,,,,
Rush,Xanadu,A Farewell to Kings,1977,Progressive Rock,399,,,,,497,160,
Led Zeppelin,Dancing Days,Houses of the Holy,1973,Hard Rock,398,,,,,,,
Van Halen,Dreams,5150,1986,Glam Metal,397,243,,,,,,
Quiet Riot,Cum on Feel the Noize,Metal Health,1983,Glam Rock,396,,178,,,,,
Aerosmith,What it Takes,Pump,1989,Glam Metal,395,,441,146,,,,
Red Hot Chili Peppers,Breaking the Girl,Blood Sugar Sex Magik,1991,Alternative Rock,394,,,,,,,
The Cranberries,Zombie,No Need to Argue,1994,Alternative Rock,393,63,,94,,,,
Red Hot Chili Peppers,Aeroplane,One Hot Minute,1995,Alternative Rock,392,,294,475,470,278,,
Queen,Radio Ga Ga,The Works,1984,Synthpop,391,100,213,75,92,139,345,
REM,Losing My Religion,Out of Time,1991,Jangle Pop,390,67,182,229,123,113,,90
The Rolling Stones,Dont Stop,Forty Licks,2002,Hard Rock,389,277,,,,441,,268
Aerosmith,Rag Doll,Permanent Vacation,1987,Glam Metal,388,491,,,,,,
Bob Dylan,Hurricane,Desire,1976,Folk Rock,387,135,317,165,33,229,21,42
Slade,How Does it Feel,Slade in Flame,1974,Rock,386,,,,,,,
Three Dog Night,Three Dog Night,Naturally,1970,Pop Rock,385,,,,,,,
Thin Lizzy ,The Boys Are Back in Town,Jailbreak,1976,Hard Rock,384,463,,388,222,163,,197
Van Halen,Cant Stop Lovin You,Balance,1995,Pop Rock,383,258,151,175,348,275,32,94
The Police,Every Little Thing She Does is Magic,Ghost in the Machine,1981,Pop Rock,382,,228,,223,241,344,
Lynyrd Skynyrd,Free Bird,Pronounced Lĕh-nérd Skin-nérd,1973,Southern Rock,381,97,,84,26,16,136,83
Ramones,Rock n Roll High School,End of the Century,1980,Punk Rock,380,288,166,259,,380,,
The Who,Substitute,Single,1966,Power Pop,379,176,,,,,,
The Rolling Stones,Brown Sugar,Sticky Fingers,1971,Rock,378,,270,,113,114,102,
Foo Fighters,Times Like These,One by One,2002,Alternative Rock,377,54,136,95,111,341,447,
Bon Jovi,Misunderstood,Bounce,2001,Rock,376,,,,,,,
Yes,I Am Waiting,Talk,1994,Progressive Rock,375,,,,,,,
System of a Down,Chop Suey,Toxicity,2001,Alternative Metal,374,,209,471,,496,,
The Beatles,A Hard Days Night,A Hard Days Night,1964,Merseybeat,373,182,133,288,459,,130,
Supertramp,Goodbye Stranger,Breakfast in America,1979,Art Rock,372,,,,,,,
Live,Operation Spirit The Tyranny of Tradition,Mental Jewelry,1991,Rock,371,,,,,,,
Tom Petty and the Heartbreakers,American Girl,Tom Petty and the Heartbreakers,1976,Power Pop,370,,424,,312,,401,
Aerosmith,Pink,Nine Lives,1997,Hard Rock,369,,462,276,474,,,
Lenny Kravitz,American Woman,5,1999,Funk Rock,368,,369,,346,452,,
Elton John,Crocodile Rock,Dont Shoot Me Im Only the Piano Player,1973,Rock and Roll,367,,,,,,,
Disturbed,The Sound of Silence,Immortalized,2015,Orchestral Pop,366,150,,,,449,396,
The Offspring,Original Prankster,Conspiracy of One,2000,Punk Rock,365,,,,,,,
Foo Fighters,Best of You,In Your Honor,2005,Alternative Rock,364,366,173,458,129,417,,
Oasis,Little by Little,Heathen Chemistry,2002,Britpop,363,,,,,,,
Alice in Chains,Would?,Dirt,1992,Grunge,362,400,189,49,324,204,416,
Tommy James and the Shondells,Crimson and Clover,Crimson and Clover,1968,Psychedelic Rock,361,440,,,,,,
Bruce Springsteen,Dancing in the Dark,Born in the USA,1984,Dance Rock,360,250,135,131,,,,
Toy Dolls,James Bond Lives Down Our Street,Single,1985,Punk Rock,359,,,,,,,
Yes,Sweet Dreams,Time and a Word,1970,Progressive Rock,358,339,,,,,,
Electric Light Orchestra,Rock n Roll Is King,Secret Messages,1983,Rock and Roll,357,475,,,,,,
Billy Idol,Dancing With Myself,Dont Stop,1981,New Wave,356,,303,279,458,227,455,
Three Dog Night,Mama Told Me Not to Come,It Aint Easy,1970,Roots Rock,355,,,,,,,
Dream Theater,Another Day,Images and Words,1992,Progressive Rock,354,,,140,,360,,
The Police,Spirits in the Material World,Ghost in the Machine,1981,New Wave,353,,,,,,,
Ten Years After,Id Love to Change the World,A Space in Time,1971,Blues Rock,352,,,,,,,
Free,Wishing Well,Heartbreaker,1973,Hard Rock,351,,,,,,,
Foreigner,I Want to Know What Love is,Agent Provocateur,1984,Soft Rock,350,,,,,,,
Stone Temple Pilots,Between the Lines,Stone Temple Pilots,2010,Grunge,349,,,,,,,
Bon Jovi,Let It Rock,Slippery When Wet,1986,Hard Rock,348,268,,,,,,
Slade,My Oh My,The Amazing Kamikaze Syndrome,1983,Arena Rock,347,,,,,,,
ZZ Top,La Grange,Tres Hombres,1973,Hard Rock,346,265,238,241,172,126,,
Aerosmith,Falling in Love is Hard on the Knees,Nine Lives,1997,Hard Rock,345,,,,379,471,,278
Stray Cats,I Fought the Law,Original Cool,1993,Rockabilly,344,403,356,,,,,
The Cult,Nirvana,Love,1985,Alternative Rock,343,226,,,,374,251,413
Peter Frampton,Im in You,Im in You,1977,Soft Rock,342,,,,,,,
Supertramp,The Logical Song,Breakfast in America,1979,Progressive Pop,341,,,,,,,
Grand Funk Railroad,The Loco-Motion,Shinin On,1974,Hard Rock,340,309,,,,,,
The Hollies,He Aint Heavy Hes My Brother,Single,1969,Baroque Pop,339,334,,,,,,
T Rex,Get it on Bang a Gong,Electric Warrior,1971,Glam Rock,338,,,,,,,
Nazareth,Love Hurts,Hair of the Dog,1975,Hard Rock,337,,,121,,,,
Lynyrd Skynyrd,Sweet Home Alabama,Second Helping,1974,Southern Rock,336,76,229,428,98,82,69,368
Van Halen,Not Enough,Balance,1995,Hard Rock,335,,,,444,404,,
Roy Orbison,Oh Pretty Woman,Single,1964,Pop Rock,334,418,366,,,202,,
Nirvana,In Bloom,Nevermind,1991,Grunge,333,,430,410,354,323,147,165
Rainbow,Long Live Rock n Roll,Long Live Rock n Roll,1978,Hard Rock,332,,,453,40,90,379,316
UFO,Love Lost Love,Force it,1975,Hard Rock,331,434,,,,,,
Scorpions,Wind of Change 2011 version,Comeblack,2011,Pop Rock,330,424,,,225,99,259,
The Rolling Stones,Jumpin Jack Flash,Single,1968,Hard Rock,329,,296,483,,179,134,
Red Hot Chili Peppers,By the Way,By the Way,2002,Funk Rock,328,280,423,81,339,367,237,96
Alice Cooper,You and Me,Lace and Whiskey,1977,Soft Rock,327,456,,,,,,
The Clash,London Calling,London Calling,1979,Punk Rock,326,391,227,356,186,224,216,135
Skid Row,18 and Life,Skid Row,1989,Glam Metal,325,142,289,302,372,428,289,392
Boston,Peace of Mind,Boston,1976,Hard Rock,324,,,,,,,
Queen,Bicycle Race,Jazz,1978,Hard Rock,323,329,,,,,,
Iggy Pop,The Passenger,Lust for Life,1977,Proto Punk,322,231,,339,,490,315,469
Ramones,Ramona,Rocket to Russia,1977,Pop Rock,321,,,,,393,267,
Frank Zappa,Bobby Brown Goes Down,Sheik Yerbouti,1979,Comedy rock,320,271,,,,,,
Lynyrd Skynyrd,Preacher Man,Edge of Forever,1999,Southern Rock,319,177,,,,,,
Queen,Somebody to Love,A Day at the Races,1976,Art Rock,318,174,191,116,,70,60,357
Sepultura,Bullet the Blue Sky,Roorback,2003,Heavy Metal,317,,,,,,,
Heart,Barracuda,Little Queen,1977,Hard Rock,316,,340,212,464,,352,
Ozzy Osbourne,Perry Mason,Ozzmossis,1995,Heavy Metal,315,,,274,,271,,
Yes,Soon Single Version,Relayer,1974,Progressive Rock,314,,,,,,,
Deep Purple,Woman From Tokyo,Who Do We Think We Are,1973,Hard Rock,313,306,,,,305,,
Fleetwood Mac,Dreams,RUMOURS,1977,Pop Rock,312,328,55,68,376,105,475,373
The Clash,Londons Burning,The Clash,1977,Punk Rock,311,,,,,,,
Blondie,Dreaming,Eat to the Beat,1979,Power Pop,310,264,,,,,,
Sex Pistols,God Save the Queen,Never Mind the Bollocks Heres the Sex Pistols,1977,Punk Rock,309,410,,233,364,379,376,
The Who,Magic Bus,Single,1968,Psychedelic Rock,308,,,,,148,390,267
U2,I Still Havent Found What Im Looking For,The Joshua Tree,1987,Pop Rock,307,,150,125,419,218,,148
Judas Priest,Turbo Lover,Turbo,1986,Hard Rock,306,48,,,234,398,413,449
KISS,Forever,Hot in the Shade,1989,Hard Rock,305,,314,168,242,130,,260
Rush,Fly By Night,Fly By Night,1975,Progressive Rock,304,404,413,,,256,271,31
Sweet,Ballroom Blitz,Desolation Boulevard,1974,Glam Rock,303,,,271,,,,
Van Halen,Ill Wait,1984,1984,Synth Rock,302,,,,,,,
Neil Young,Rockin in the Free World,Freedom,1989,Hard Rock,301,,239,199,412,190,382,297
The Doors,LA Woman,LA Woman,1971,Blues Rock,300,322,,,,,,
Santana,Evil Ways,Santana,1969,Psychedelic Rock,299,289,,,,,,
Oasis,Supersonic,Definitely Maybe,1994,Britpop,298,,457,,,,,
Scorpions,Big City Nights,Love at First Sting,1984,Hard Rock,297,472,153,,,402,,283
Rod Stewart,Da Ya Think I’m Sexy?,Blondes Have More Fun,1978,Eurodisco,296,,,,,,,
Emerson Lake and Palmer,Lucky Man,Emerson Lake and Palmer,1970,Progressive Rock,295,269,,391,489,,,
Supertramp,Dreamer,Crime of the Century,1974,Progressive Rock,294,425,,,,,,
Oasis,Champagne Supernova,Whats the Story Morning Glory?,1995,Britpop,293,167,273,179,310,310,456,
Living Colour,Type,Times Up,1990,Hard Rock,292,83,,,,,,
Oasis,Live Forever,Definitely Maybe,1994,Britpop,291,,,,356,385,,
Billy Idol,Rebel Yell,Rebel Yell,1983,New Wave,290,,330,260,403,482,,
U2,Beautiful Day,All That You Cant Leave Behind,2000,Pop Rock,289,,,,496,400,314,407
Mick Jagger,Just Another Night,Shes the Boss,1985,Dance Rock,288,,,,,,,
The Rolling Stones,Miss You,Some Girls,1978,Pop Rock,287,72,96,338,300,165,172,
Peter Gabriel,Mercy Street,So,1986,Worldbeat,286,281,,,,,,
Ramones,Blitzkrieg Bop,Ramones,1976,Punk Rock,285,,28,137,63,66,139,140
The Cult,She Sells Sanctuary,Love,1985,Alternative Rock,284,,68,213,47,189,,
Europe,Carrie,The Final Countdown,1986,Glam Metal,283,,,,,,,
Nirvana,Sliver,Single,1990,Grunge,282,,,,,,,
Whitesnake,Now Youre Gone,Slip of the Tongue,1989,Glam Metal,281,,,,,,,
Midnight Oil,My Country,Earth and Sun and Moon,1993,Alternative Rock,280,422,,,,,,
Motorhead,Ace of Spades,Ace of Spades,1980,Heavy Metal,279,69,103,393,46,45,277,224
Rage Against the Machine,Killing in the Name,Rage Against the Machine,1992,Rap Metal,278,296,117,161,302,,374,
Kate Bush,Running Up That Hill A Deal with God,Hounds of Love,1985,Synthpop,277,,,,,,,
Queensryche,Silence Lucidity,Empire,1990,Progressive Metal,276,,,,,,,
Oasis,Morning Glory,Whats the Story Morning Glory?,1995,Britpop,275,442,,,441,,,
Metallica,Fuel,Reload,1997,Heavy Metal,274,,,448,,500,,77
Aerosmith,Mia,Night in the Ruts,1979,Hard Rock,273,,,,,,,
Manowar,Call to Arms,Warriors of the World,2002,Power Metal,272,,,,,,,
David Coverdale,The Last Note of Freedom,Days of Thunder soundtrack,1990,Hard Rock,271,,371,,274,,,
Bon Jovi,In These Arms,Keep the Faith,1992,Hard Rock,270,349,,,,,,
Paul McCartney and Wings,Live and Let Die,Live and Let Die soundtrack,1973,Symphonic Rock,269,,,,,,,
Creedence Clearwater Revival,Bad Moon Rising,Green River,1969,Swamp Rock,268,,,,,,,
Bruce Dickinson,Chemical Wedding,The Chemical Wedding,1998,Heavy Metal,267,,,,,,,
Kings of Leon,Sex on Fire,Only by the Night,2008,Pop Rock,266,397,380,157,137,308,473,
Peter Frampton,Baby I Love Your Way,Frampton Comes Alive,1976,Soft Rock,265,285,,,,,,
The Guess Who,American Woman,American Woman,1970,Funk Rock,264,89,369,,346,452,,
Blondie,Call Me,American Gigolo soundtrack,1980,Dance Rock,263,360,,,,,,
The Rolling Stones,Emotional Rescue,Emotional Rescue,1980,Pop Rock,262,292,,,,,,
Green Day,Revolution Radio,Revolution Radio,2016,Punk Rock,261,,,,,,,
Elvis Presley,A Little Less Conversation,Single,1968,Pop Rock,260,184,392,,259,419,173,219
Nazareth,Hair of the Dog,Hair of the Dog,1975,Heavy Metal,259,,,224,,,,
Pantera,Cemetery Gates,Cowboys from Hell,1990,Heavy Metal,258,,,,,,,
Yes,Changes,90125,1983,Progressive Rock,257,,,,,,,
Jon Bon Jovi,Blaze of Glory,Blaze of Glory,1990,Hard Rock,256,,341,474,314,387,,149
Greta Van Fleet,Highway Tune,Black Smoke Rising and From the Fires,2017,Hard Rock,255,151,144,19,76,,,
Motorhead,Louie Louie,Single,1978,Hard Rock,254,,,,,,,
The Who,My Generation,My Generation,1965,Mod,253,,143,372,88,,132,
Joey Ramone,What a Wonderful World,Dont Worry About Me,2002,Punk Rock,252,353,393,,353,,,
Lynyrd Skynyrd,That Smell,Street Survivors,1977,Southern Rock,251,93,,,160,,83,
Ramones,Substitute,Acid Eaters,1993,Punk Rock,250,,,,,,,
Maneskin,Beggin,Chosen,2017,Northern Soul,249,,,,,,,
George Harrison,My Sweet Lord,All Things Must Pass,1970,Folk Rock,248,152,,,,,,
Aerosmith,Walk This Way,Toys in the Attic,1975,Hard Rock,247,,122,238,191,152,93,
Elvis Presley,Dont Be Cruel,Single,1956,Rock and Roll,246,120,,,,,,
Scorpions,Rock You Like a Hurricane,Comeblack,2011,Hard Rock,245,316,142,301,309,151,,
Ozzy Osbourne,Youre No Different,Bark at the Moon,1983,Heavy Metal,244,,,,,,,
Aerosmith,I Dont Want to Miss a Thing,Armageddon: The Album,1998,Pop Rock,243,203,417,346,374,436,159,136
Focus,Hocus Pocus,Focus II,1971,Progressive Rock,242,57,,37,14,12,110,
Van Halen,Right Now,For Unlawful Carnal Knowledge,1991,Hard Rock,241,,42,359,127,177,449,250
The Beatles,All My Loving,With the Beatles,1963,Merseybeat,240,,,443,213,,133,
Faith No More,Falling to Pieces,The Real Thing,1989,Funk Metal,239,,312,169,283,407,,
Bruce Dickinson,Tears of the Dragon,Balls to Picasso,1994,Heavy Metal,238,101,75,35,344,214,,257
Danzig,Mother,Danzig,1988,Heavy Metal,237,,,,,,,
Echo and the Bunnymen,The Killing Moon,Ocean Rain,1984,Post-Punk,236,427,59,150,169,475,415,430
The Jimi Hendrix Experience,Purple Haze,Are You Experienced,1967,Psychedelic Rock,235,205,,379,133,178,54,58
Doobie Brothers,Listen to the Music,Toulouse Street,1972,Pop Rock,234,,,340,231,,,
David Bowie,Rebel Rebel,Diamond Dogs,1974,Glam Rock,233,262,72,400,275,406,161,
Janis Joplin,Me and Bobby McGee,Pearl,1971,Blues Rock,232,160,,,,,,
Bruce Springsteen,Born In The USA,Born in the USA,1984,Heartland Rock,231,383,69,221,347,176,381,80
Ozzy Osbourne,Mama Im Coming Home,No More Tears,1991,Hard Rock,230,324,76,156,79,117,249,176
The Doors,Love Me Two Times,Strange Days,1967,Baroque Pop,229,117,,,219,98,22,253
Pink Floyd,Take It Back,The Division Bell,1994,Art Rock,228,,,454,188,122,363,337
David Bowie and Mick Jagger,Dancing in the Street,Single,1985,New Wave,227,,,451,,309,,
Dio and Yngwie Malmsteen,Dream On,Tribute To Aerosmith: Not The Same Old Song,1999,Hard Rock,226,43,,,,,,
Europe,The Final Countdown,The Final Countdown,1986,Hard Rock,225,247,,99,295,354,405,482
Eric Clapton,Cocaine,Slowhand,1977,Blues Rock,224,18,152,289,73,142,29,23
The Beatles,Day Tripper,Single,1965,Pop Rock,223,,,,,235,367,164
Grand Funk Railroad,Were an American Band,Were an American Band,1973,Hard Rock,222,290,116,,224,205,342,433
Aerosmith,Sweet Emotion,Toys in the Attic,1975,Hard Rock,221,356,74,354,,335,,53
ZZ Top,Legs,Eliminator,1983,Blues Rock,220,190,,,,,,
Ozzy Osbourne,Mr Crowley,Blizzard of Ozz,1980,Heavy Metal,219,323,,207,,297,232,189
Bob Dylan,Knockin on Heavens Door,Pat Garrett and Billy the Kid,1973,Folk Rock,218,,,,,352,236,417
The Blues Brothers,Sweet Home Chicago,The Blues Brothers: Original Soundtrack Recording,1980,Blues Rock,217,377,,,,,,
Yes,Leave it,90125,1983,Art Pop,216,,,,,,,
Bon Jovi,Bad Medicine,New Jersey,1988,Hard Rock,215,,,,449,,,
Van Halen,Why Cant This Be Love,5150,1986,Pop Rock,214,,50,,171,231,,408
The Cure,Friday Im in love,Wish,1992,Jangle Pop,213,98,97,258,83,216,295,184
Bon Jovi,Runaway,Bon Jovi,1984,Hard Rock,212,372,334,268,227,,,
Thin Lizzy,Whiskey in the Jar,Vagabonds of the Western World,1973,Hard Rock,211,,,,,301,377,401
Red Hot Chili Peppers,Around the World,Californication,1999,Funk Rock,210,,,,446,,,
The Outfield,Your Love,Play Deep,1985,Pop Rock,209,,,329,280,368,385,157
The Rolling Stones,Shes so Cold,Emotional Rescue,1980,Pop Rock,208,,,,,,,
Rush,Limelight,Moving Pictures,1981,Progressive Rock,207,130,66,159,182,322,,
The Beach Boys,Surfin USA,Surfin USA,1963,Surf Rock,206,,414,459,282,,252,
Whitesnake,Here I Go Again,Whitesnake,1987,Hard Rock,205,159,145,78,131,47,158,153
Alice Cooper,Poison,Thrash,1989,Glam Metal,204,77,,36,477,39,280,182
The Clash,Police on my Back,Sandinista,1980,Punk Rock,203,448,379,,432,434,,
Robert Plant,29 Palms,Fate of Nations,1993,Pop Rock,202,165,421,93,337,,,
Badfinger,Day after day,Straight Up,1971,Pop Rock,201,189,,,,,,
The Jimi Hendrix Experience,Hey Joe,Are You Experienced,1967,Blues Rock,200,58,,349,189,186,78,103
Black Sabbath,The Wizard,Black Sabbath,1970,Heavy Metal,199,,92,402,,315,88,119
Queen,Dont Stop me Now,Jazz,1978,Piano Rock,198,62,,58,156,115,,341
The Beatles,All You Need is Love,Single,1967,Psychedelic Rock,197,417,,,,420,105,
Rainbow,Stargazer,Rising,1976,Heavy Metal,196,51,17,153,4,4,,181
Greta Van Fleet,Talk on the Street,From the Fires,2017,Hard Rock,195,294,,100,,,,
The Guess Who,No Time,American Woman,1970,Pop Rock,194,206,,,,,,
The Beatles,Helter Skelter,The Beatles,1968,Hard Rock,193,,4,303,147,299,220,294
Jethro Tull,Aqualung,Aqualung,1971,Progressive Rock,192,40,,110,27,30,23,39
George Thorogood and the Destroyers,Who do you love?,Move it on Over,1978,Blues Rock,191,237,,,,,,
Yes,Love will find a way,Big Generator,1987,Progressive Rock,190,244,280,,,,,
Ghost,He is,Meliora,2015,Progressive Rock,189,266,,,,,,
Uriah Heep,Easy Livin,Demons and Wizards,1972,Progressive Rock,188,257,163,,,,,
AC DC,Black Ice,Black Ice,2018,Hard Rock,187,39,,,,,,
Blondie,Hanging on the Telephone,Parallel Lines,1978,New Wave,186,,193,,,,,
Extreme,More than words,Extreme II: Pornograffitti,1990,Acoustic Rock,185,85,285,399,207,,339,
Aerosmith,Janies Got a Gun,Pump,1989,Hard Rock,184,,287,333,303,213,208,100
Supertramp,Breakfast in America,Breakfast in America,1979,Art Rock,183,,184,,,,,
KISS,God Gave Rock n Roll to You II,Revenge,1992,Hard Rock,182,326,487,,,217,,
Pearl Jam,Black,Ten,1991,Grunge,181,24,8,4,6,7,212,66
Whitesnake,Is this Love,Whitesnake,1987,Pop Rock,180,358,258,55,162,123,269,270
The Bangles,Walk Like an Egyptian,Different Light,1986,Pop Rock,179,,,,,,,
Dire Straits,Money for Nothing,Brothers in Arms,1985,Pop Rock,178,156,299,324,284,111,418,287
The Who,Pinball Wizard,Tommy,1969,Hard Rock,177,116,104,357,119,188,86,483
Boston,More Than a Feeling,Boston,1976,Hard Rock,176,192,,452,483,109,256,64
Van Halen,Dance the Night Away,Van Halen II,1979,Hard Rock,175,,300,132,399,162,,
Genesis,Follow You Follow Me,And Then There Were Three,1978,Soft Rock,174,248,,,,,,
Billy Idol,Eyes Without a Face,Rebel Yell,1983,New Wave,173,,375,,430,,,
Def Leppard,Lets Get Rocked,Adrenalize,1992,Glam Metal,172,,,,,,,
Scorpions,Still Loving You,Comeblack,2011,Glam Metal,171,,,,,,,
The Beatles,Cant Buy Me Love,A Hard Days Night,1964,Rock and Roll,170,,,,,,,
Eric Clapton,Tears in Heaven,Unplugged,1992,Soft Rock,169,104,,,,,,
The Who,I Cant Explain,Single,1965,Mod,168,394,283,490,165,86,250,
The Beach Boys,Barbara Ann,Beach Boys Party,1965,Pop Rock,167,107,,,,,,
The Cult,Revolution,Love,1985,Post-Punk,166,105,243,376,203,329,,195
Deep Purple,Strange Kind of Woman,Single,1971,Hard Rock,165,,,,,,,
Aerosmith,Crazy,Get a Grip,1993,Hard Rock,164,382,204,134,164,181,341,328
Mr Big,Wild World,Bump Ahead,1993,Pop Rock,163,211,,,,,,
Bill Haley and His Comets,Rock Around the Clock,Rock Around the Clock,1955,Rock and Roll,162,305,,,,,,
Joe Cocker,You Can Leave Your Hat On,Cocker,1986,Pop Rock,161,,,,166,345,203,284
Ozzy Osbourne,I Just want You,Ozzmosis,1995,Hard Rock,160,446,,,,,,
Midnight Oil,Beds are Burning,Diesel and Dust,1987,Alternative Rock,159,369,61,181,67,69,198,101
U2,With or Without You,The Joshua Tree,1987,Pop Rock,158,144,245,347,267,195,246,
Big Brother and the Holding Company,Piece of my Heart,Cheap Thrills,1968,Blues Rock,157,149,,363,106,112,313,453
Midnight Oil,Back on the Borderline,Head Injuries,1979,Alternative Rock,156,479,,,,,,
Metallica,Nothing Else Matters,Metallica,1991,Power Ballad,155,61,23,27,,44,145,81
The Doors,Roadhouse Blues,Morrison Hotel,1970,Blues Rock,154,,,351,89,36,109,113
Pearl Jam,Alive,Ten,1991,Grunge,153,66,65,69,37,65,124,211
Peter Frampton,Show Me the Way,Frampton Comes Alive,1976,Pop Rock,152,241,,,,,,
Creedence Clearwater Revival,Born on the Bayou,Bayou Country,1969,Swamp Rock,151,,,,,314,,
Bon Jovi,Keep the Faith,Keep the Faith,1992,Hard Rock,150,313,286,291,390,412,320,
Derek and the Dominos,Layla,Layla and Other Assorted Love Songs,1970,Blues Rock,149,,,307,331,,183,
David Bowie,"""Heroes""","""Heroes""",1977,Art Rock,148,80,67,46,22,13,175,274
Genesis,Turn It On Again,Duke,1980,Arena Rock,147,453,,,,,,
Def Leppard,Animal,Hysteria,1987,Hard Rock,146,,,,484,,241,
Judas Priest,Breaking the Law,British Steel,1980,Heavy Metal,145,35,244,136,66,67,64,172
Faith No More,Epic,The Real Thing,1989,Rap Metal,144,209,231,97,317,56,191,470
Mamas and the Papas,California Dreamin,If You Can Believe Your Eyes and Ears,1966,Pop Rock,143,55,,,,,,
KISS,I Love It Loud,Creatures of the Night,1982,Hard Rock,142,212,110,127,161,169,146,
Iron Maiden,The Trooper,Piece of Mind,1983,Heavy Metal,141,103,91,29,427,120,,
Eric Clapton,I Shot the Sheriff,461 Ocean Boulevard,1974,Pop Reggae,140,346,,,250,,82,
Alice in Chains,Man in the Box,Facelift,1990,Grunge,139,34,160,73,114,58,346,78
Oasis,Wonderwall,Whats the Story Morning Glory?,1995,Britpop,138,,214,308,135,128,288,429
Whitesnake,Guilty of Love,Slide It In,1984,Hard Rock,137,,,47,,,,
ZZ Top,Sharp Dressed Man,Eliminator,1983,Blues Rock,136,235,130,270,,245,188,358
Journey,Dont Stop Believin,Escape,1981,Pop Rock,135,16,95,57,195,32,84,193
Oasis,Stand by Me,Be Here Now,1997,Britpop,134,283,,,,355,257,400
The Doors,People Are Strange,Strange Days,1967,Psychedelic Rock,133,367,,,,307,,59
Nirvana,Come as You Are,Nevermind,1991,Grunge,132,134,89,80,158,118,140,47
U2,One,Achtung Baby,1991,Pop Rock,131,87,333,382,402,49,181,484
KISS,I Was Made for Lovin You,Dynasty,1979,Glam Rock,130,,344,315,273,211,169,310
Guns N Roses,Welcome to the Jungle,Appetite for Destruction,1987,Hard Rock,129,166,93,147,60,194,61,44
Midnight Oil,Blue Sky Mine,Blue Sky Mining,1990,Alternative Rock,128,225,168,437,117,62,,
Nirvana,About a Girl,Bleach,1989,Alternative Rock,127,286,222,,,,,
The Cure,The Caterpillar,The Top,1984,Psychedelic Rock,126,84,,,,,,
Aerosmith,Dream On,Aerosmith,1973,Hard Rock,125,,13,12,18,18,25,
Genesis,The Carpet Crawlers,The Lamb Lies Down on Broadway,1974,Progressive Rock,124,229,,,,,,
Bon Jovi,Born to Be My Baby,New Jersey,1988,Glam Metal,123,,,,,,,
Pearl Jam,Even Flow,Ten,1991,Grunge,122,162,80,171,167,158,,302
Nirvana,Smells Like Teen Spirit,Nevermind,1991,Grunge,121,99,60,102,55,173,127,102
Aerosmith,Dude Looks Like a Lady,Permanent Vacation,1987,Glam Metal,120,267,499,,,,,
Foo Fighters,My Hero,The Colour and the Shape,1997,Alternative Rock,119,70,298,202,294,303,103,
KISS,Lick It Up,Lick it Up,1983,Hard Rock,118,,402,267,473,461,270,
Badfinger,No Matter What,No Dice,1970,Pop Rock,117,,,,,,,
The Animals,The House of the Rising Sun,The Animals,1964,Folk Rock,116,20,,,304,,492,
Dio,Rainbow in the Dark,Holy Diver,1983,Heavy Metal,115,147,112,62,196,199,89,161
Iggy Pop,Candy,Brick by Brick,1990,Pop Rock,114,154,205,109,101,209,,363
Queen,Another One Bites the Dust,The Game,1980,Funk Rock,113,,87,312,64,184,123,
David Bowie,Lets Dance,Lets Dance,1983,New Wave,112,338,218,160,247,300,210,388
Rush,The Spirit of Radio,Permanent Waves,1980,Progressive Rock,111,81,100,114,112,101,122,145
The Beatles,She Loves You,Single,1963,Merseybeat,110,,,,140,,,
The Rolling Stones,Gimme Shelter,Let It Bleed,1969,Blues Rock,109,46,52,66,8,8,118,
Deep Purple,Hush,Shades of Deep Purple,1968,Rock,108,,,,,,,
Black Sabbath,Children of the Grave,Master of Reality,1971,Heavy Metal,107,303,,135,,,,
The Doobie Brothers,Long Train Runnin,The Captain and Me,1973,Country Rock,106,141,,446,290,,97,
Pink Floyd,Run Like Hell,The Wall,1979,Progressive Rock,105,,,,,254,281,
Yes,Roundabout,Fragile,1971,Progressive Rock,104,78,,317,322,,355,
Bon Jovi,You Give Love a Bad Name,Slippery When Wet,1986,Hard Rock,103,222,121,185,183,200,,
Pink Floyd,Time,Dark Side of the Moon,1973,Progressive Rock,102,47,46,22,17,34,68,72
The Cure,Boys Dont Cry,Boys Dont Cry,1979,Post-Punk,101,65,260,176,285,274,340,55
The Beatles,Back in the USSR,White Album,1968,Rock,100,431,109,,301,304,,122
Aerosmith,Hole in My Soul,Nine Lives,1997,Hard Rock,99,,351,387,149,422,370,
Van Halen,Panama,,1984,Glam Metal,98,191,84,305,57,125,350,30
Creedence Clearwater Revival,Hey Tonight,Pendulum,1970,Swamp Rock,97,373,132,385,252,237,476,29
Bon Jovi,Blood on Blood,New Jersey,1988,Rock,96,,,,,,,
Black Sabbath,War Pigs,Paranoid,1970,Heavy Metal,95,220,,50,134,25,74,35
Dio,My Eyes,Lock Up the Wolves,1990,Heavy Metal,94,,,,,,,
Yes,Wonderous Stories,Going for the One,1977,Progressive Rock,93,392,,,,,,
Whitesnake,Love Aint No Stranger,Slide It In,1984,Hard Rock,92,123,38,106,96,96,137,426
U2,Pride in the Name of Love,The Unforgettable Fire,1984,Pop Rock,91,345,257,218,102,97,222,279
AC DC,You Shook Me All Night Long,Back in Black,1980,Hard Rock,90,163,148,43,155,60,148,75
Bon Jovi,Its My Life,Crush,2000,Pop Rock,89,122,200,42,168,,209,
Chubby Checker,Lets Twist Again,Single,1961,Rock and Roll,88,,,,,,,
Twisted Sister,Were Not Gonna Take It,Stay Hungry,1984,Glam Metal,87,139,261,190,389,413,234,45
U2,New Years Day,War,1983,Post-Punk,86,109,311,196,343,260,141,233
Nirvana,The Man Who Sold the World,MTV Unplugged in New York,1994,Psychedelic Rock,85,378,357,464,146,343,113,
Aerosmith,No More No More,Toys in the Attic,1975,Hard Rock,84,95,,,,,,
The Beatles,Twist and Shout,Please Please Me,1963,Rock and Roll,83,,,,,,,
Van Halen,Jump,,1984,Pop Rock,82,128,6,126,44,87,201,40
Queen and David Bowie,Under Pressure,Hot Space,1982,Pop Rock,81,37,51,72,50,85,101,171
Bon Jovi,Livin on a Prayer,Slippery When Wet,1986,Hard Rock,80,49,39,74,70,43,131,225
Yes,Owner of a Lonely Heart,,1983,Progressive Pop,79,60,106,304,81,150,143,271
Black Sabbath,NIB,Black Sabbath,1970,Heavy Metal,78,185,118,31,124,29,115,251
AC DC,Thunderstruck,The Razors Edge,1990,Hard Rock,77,82,5,23,24,27,264,339
Peter Frampton,Breaking All the Rules,Breaking All the Rules,1981,Hard Rock,76,45,329,38,321,79,24,108
Talking Heads,Psycho Killer,Talking Heads: 77,1977,New Wave,75,136,332,105,373,107,245,33
Aerosmith,Love in an Elevator,Pump,1989,Hard Rock,74,239,,,418,460,242,352
Creedence Clearwater Revival,Proud Mary,Bayou Country,1969,Swamp Rock,73,171,,287,,,,
Aerosmith,Livin On The Edge,Get a Grip,1993,Hard Rock,72,,,476,437,324,331,93
The Beatles,Drive My Car,Rubber Soul,1965,Pop Rock,71,348,201,,,135,262,
Ozzy Osbourne,No More Tears,No More Tears,1991,Heavy Metal,70,161,157,332,141,54,91,293
Deep Purple,Highway Star,Machine Head,1972,Hard Rock,69,170,,88,39,59,436,245
Alice Cooper,No More Mr Nice Guy,Billion Dollar Babies,1973,Hard Rock,68,31,454,280,335,210,31,255
Dio,The Last in Line,The Last In Line,1984,Heavy Metal,67,311,,,,,,
Ozzy Osbourne,Crazy Train,Blizzard of Ozz,1980,Heavy Metal,66,112,85,133,41,51,,228
David Bowie,Sound and Vision,Low,1977,Art Rock,65,204,183,,,285,151,121
AC DC,Jailbreak,Dirty Deeds Done Dirt Cheap,1976,Hard Rock,64,276,82,123,45,159,104,212
Creedence Clearwater Revival,Wholl Stop the Rain,Cosmos Factory,1970,Folk Rock,63,145,,,,,,
David Bowie,Starman,The Rise and Fall of Ziggy Stardust and the Spiders from Mars,1972,Glam Rock,62,52,137,384,226,175,62,62
Pink Floyd,Wish You Were Here,Wish You Were Here,1975,Art Rock,61,119,26,17,54,35,200,38
Queen,We Will Rock You,News of the World,1977,Hard Rock,60,365,27,296,23,170,30,213
The Jimi Hendrix Experience,Crosstown Traffic,Electric Ladyland,1968,Psychedelic Rock,59,,292,,86,298,,190
Pink Floyd,Money,Dark Side of the Moon,1973,Progressive Rock,58,197,16,348,,46,38,162
The Who,Behind Blue Eyes,Whos Next,1971,Hard Rock,57,261,115,403,212,219,186,344
Led Zeppelin,Tangerine,Led Zeppelin III,1970,Folk Rock,56,330,212,,,,,
Genesis,Mama,Genesis,1983,Art Rock,55,118,158,320,193,356,80,37
AC DC,Moneytalks,The Razors Edge,1990,Hard Rock,54,201,,,,,,
Ozzy Osbourne,Shot in the Dark,The Ultimate Sin,1986,Heavy Metal,53,284,432,294,,493,66,240
Black Sabbath,Heaven and Hell,Heaven and Hell,1980,Heavy Metal,52,96,203,108,177,,59,
The Doors,Touch Me,The Soft Parade,1968,Psychedelic Rock,51,295,,,,191,187,
James Brown,I Got You I Feel Good,I Got You I Feel Good,1965,Funk Rock,50,114,433,,,,,
Black Sabbath,Sabbath Bloody Sabbath,Sabbath Bloody Sabbath,1973,Heavy Metal,49,387,81,222,,,,
Ramones,Sheena Is a Punk Rocker,Rocket to Russia,1977,Punk Rock,48,298,124,,281,129,,
The Doors,Light My Fire,The Doors,1967,Psychedelic Rock,47,10,,76,28,53,18,70
Led Zeppelin,Immigrant Song,Led Zeppelin III,1970,Hard Rock,46,36,119,45,42,83,17,264
The Rolling Stones,Like a Rolling Stone,Stripped,1995,Rock,45,,,310,,240,40,425
Led Zeppelin,Black Dog,Led Zeppelin IV,1971,Hard Rock,44,234,53,178,58,41,48,365
AC DC,Highway to Hell,Highway to Hell,1979,Hard Rock,43,75,19,16,19,19,43,71
Iron Maiden,Wasted Years,Somewhere in Time,1986,Heavy Metal,42,73,230,461,152,52,46,202
AC DC,Hells Bells,Back in Black,1980,Hard Rock,41,108,40,20,15,38,57,105
The Rolling Stones,Start Me Up,Tattoo You,1981,Blues Rock,40,92,43,286,99,160,70,322
Elvis Presley,Suspicious Minds,Single,1969,Rock and Roll,39,30,,101,,24,,223
Led Zeppelin,Whole Lotta Love,Led Zeppelin II,1969,Hard Rock,38,300,308,144,74,75,75,43
Janis Joplin,Mercedes Benz,Pearl,1972,A Cappella,37,29,278,217,184,,92,
The Beatles,Yesterday,Help,1965,Baroque Pop,36,157,44,,,,,
Rush,Tom Sawyer,Moving Pictures,1981,Progressive Rock,35,56,7,34,21,77,33,74
Ramones,Pet Sematary,Brain Drain,1989,Punk Rock,34,23,63,104,110,74,96,79
AC DC,TNT,TNT,1976,Hard Rock,33,140,54,60,48,20,16,14
Savatage,Edge of Thorns,Edge of Thorns,1993,Heavy Metal,32,,,,,,,
Pink Floyd,The Happiest Days of Our Lives Another Brick in the Wall Part II,The Wall,1979,Art Rock,31,1,33,39,32,37,19,11
U2,Sunday Bloody Sunday,War,1983,Post-Punk,30,21,30,52,36,141,42,22
Metallica,The Unforgiven,Metallica,1991,Heavy Metal,29,110,20,86,43,248,52,377
Black Sabbath,Paranoid,Paranoid,1970,Heavy Metal,28,71,10,11,25,23,4,12
The Beatles,Hey Jude,Single,1968,Pop Rock,27,22,,56,20,328,9,9
Dire Straits,Sultans of Swing,Dire Straits,1978,Pub Rock,26,28,37,40,59,21,163,28
Deep Purple,Smoke on the Water,Machine Head,1972,Hard Rock,25,11,14,7,29,40,8,7
Elvis Presley,Blue Suede Shoes,Elvis Presley,1956,Rock and Roll,24,146,,366,423,,126,
The Rolling Stones,I Cant Get No Satisfaction,Out of Our Heads,1965,Rock,23,6,29,30,62,68,12,63
Black Sabbath,Iron Man,Paranoid,1970,Heavy Metal,22,148,35,44,35,133,51,238
Ramones,Poison Heart,Mondo Bizarro,1992,Punk Rock,21,137,88,197,138,80,128,85
Queen,Love of My Life,A Night at the Opera,1975,Piano Rock,20,12,77,64,38,290,,367
Creedence Clearwater Revival,Have You Ever Seen The Rain?,Pendulum,1970,Swamp Rock,19,111,102,166,53,143,13,13
AC DC,Back in Black,Back in Black,1980,Hard Rock,18,175,12,6,5,5,28,21
Steppenwolf,Born to Be Wild,Steppenwolf,1968,Hard Rock,17,115,,91,205,100,44,26
Iron Maiden,Fear of the Dark,Fear of the Dark,1992,Heavy Metal,16,42,15,8,11,11,26,32
Pink Floyd,Comfortably Numb,The Wall,1979,Progressive Rock,15,26,11,9,10,9,,69
Guns N Roses,Sweet Child O Mine,Appetite for Destruction,1987,Hard Rock,14,5,146,24,82,48,20,15
Iron Maiden,The Number of the Beast,The Number of the Beast,1982,Heavy Metal,13,7,9,10,16,15,7,1
The Beatles,Help,Help,1965,Pop Rock,12,8,48,129,56,26,6,5
Led Zeppelin,Kashmir,Physical Graffiti,1975,Symphonic Rock,11,32,24,5,7,6,14,8
KISS,Detroit Rock City,Destroyer,1976,Hard Rock,10,14,41,89,34,84,34,226
Metallica,Enter Sandman,Metallica,1991,Heavy Metal,9,13,138,32,30,42,39,34
Eagles,Hotel California,Hotel California,1976,Pop Rock,8,15,25,18,52,28,11,6
The Jimi Hendrix Experience,Foxy Lady,Are You Experienced,1967,Blues Rock,7,27,,489,103,153,15,36
The Who,Baba ORiley,Whos Next,1971,Hard Rock,6,17,32,59,9,10,5,10
Queen,We Are The Champions,News of the World,1977,Arena Rock,5,9,129,28,,154,45,18
Metallica,One,And Justice for All,1988,Pop Rock,4,2,2,3,3,3,3,2
Queen,Bohemian Rhapsody,A Night at the Opera,1975,Art Rock,3,3,3,1,1,2,2,4
Led Zeppelin,Stairway to Heaven,Led Zeppelin IV,1971,Hard Rock,2,4,1,2,2,1,1,3
Metallica,Master of Puppets,Master of Puppets,1986,Thrash Metal,1,86,,,,,,
